TEST NAME,PRICE IN RUPEES
BRUCELLOSIS IGG/IGM (EACH),4430
HERPES ZOSTER PCR (QUALITATIVE),4000
HSV PCR,6450
HCV PCR,6450
SWAB CULTURE DRESSING TROLLY,600
SWAB CULTURE MONITOR BED NO 3,600
SWAB CULTURE CARDIAC TABLE NO 4,600
SUCTION JAR BED NO 1,600
SWAB CULTURE VENTILATOR SKANRAY,600
SWAB CULTURE BED NO 1,600
SWAB CULTURE TOP FLOOR,600
Anti-HCV ELISA Igg,1800
PET SCAN,25000
synovial fluid analysis,250
QUANTU 4B PACK BREAKFAST/LUNCH,100
culture and sensitivity aerobic ( wound swab),1200
serum phosphate,450
CD4,2180
HIV viral load,7260
Aerobic culture,1210
An anaerobic culture,1330
Ziehl-Neelsen staining,850
Urine CBNAAT,2200
SERUM LACTATE,970
LEG WITH ANKEL AP/LAT VIEW,500
STOOL CULOSTRIDIUM DIFFICILE TOXIN,4500
hand AP/LAT view,500
x ray pelvis and both hips AP/LAT view,500
SPUTUM FOR FUNGAL STAIN,780
BLOOD CULTURE AND SENSITIVITY-LEFT(Anaerobic),2000
BLOOD CULTURE AND SENSITIVITY-RIGHT(Anaerobic),2000
6 Drug Panel (Urine),2000
nasopharynx x ray lateral,350
X-RAY FOOT AP VIEW,350
X ray pelvic frog ap/lat,500
bacterial culture and sensitivity,880
genexpert tb,3080
doppler arterial lower limb both,8000
tracheostomy tube secretions AFB,450
TRACHEOSTOMY TUBE SECRETIONS CULTURE AND SENSITIVITY,500
sputum for fat globules,550
urine  for fat globules,350
ULTRASOUND - ABDOMEN (FEMALE),1400
GRBS,60
CB NAT SPUTUM,3500
BLOOD CULTURE AND SENSITIVITY-RIGHT(Aerobic),1200
MRI PNS WITH ORBIT,11000
EYE EXAMINATION,100
AUDIOMETRY,500
URINE POTASSIUM,200
PRICE ADJUSTMENT,1000
Hepatitis C Virus(HCV Antibody) (CLIA),1000
HIV 1 and 2 Ag/Ab (4th generation) (CMIA),800
Hepatiti B Surface Antigen (CMIA),800
URINE ROUTINE,100
ABSOLUTE BASOPHIL COUNT,150
24 Hrs URINE POTASSIUM,600
ADENOVIRUS ANTIGEN FOR GASTROENTERITIS,10800
ESTRONE,8760
DNPH,720
CT - PARA NASAL SINUSES WITH CONTRAST,4800
CRYOGLOBULINS PANEL,1440
"CORTISOL SUPPRESSION BY DEXAMETHASONE, OVERNIGHT HIGH DOSE, SERUM",1440
BORRELIA IgG,1920
A/G RATIO,300
AFB - URINE,280
FREE PROTEIN S ANTIGEN,6480
FREE PSA,1200
EBV - IgG,3480
DOPPLER STUDY - BOTH LOWER LIMB ARTERIES,4000
ANTI SMITH ANTIBODY,3240
CULTURED ANAEROBIC BACTERIA IDENTIFICATION,1800
CADMIUM,7344
ANION GAP,720
"CULTURED AFB ANTITUBERCULAR DST, 4 DRUGS PANEL",28800
"BETA CROSSLAPS (BETA CTx),",2520
CT - BOTH HEEL,7200
AMIKACIN LEVEL,19200
"ANTI B TITRE, IgM",1140
ALKALINE PHOSPHATASE ( ALP) ISOENZYMES,240
"ANDROSTENEDIONE STIMULATION BY ACTH, SERUM",3060
COVID-19 QUALITATIVE  PCR,1440
CA 72.4 GASTRIC CANCER MARKER,3720
ADENOSINE DEAMINASE - ADA SERUM,720
17-HYDROXYPROGESTERONE ( 17-OHP) STIMULATION BY ACTH,1800
BETA 2 MICROGLOBULIN,3060
ALLERGIC PROFILE - VEGETARIAN FOOD,8880
CYTOLOGY BODY FLUID,840
CENTROMERE ANTIBODY SERUM,3060
CITRATE,1080
LDH - PLEURAL FLUID,612
FUNGAL SMEAR - KOH,1104
FACTOR IX ACTIVITY,3000
CT - BRAIN WITH CONTRAST,6000
ANTI THYROID PEROXIDASE ANTIBODIES-ANTI TPO,1400
CT - SHOULDER,4800
ANDROSTENEDIONE,3000
DILUTE RUSSELL VIPER VENOM TIME - DRVVT,1440
CARBONDIOXIDE CONTENT,1128
CAROTENE,14400
FREE BETA - hCG,1560
"CYSTICERCOSIS (TAENIA SOLIUM) ANTIBODY, IgG",3000
24 Hrs URINE  CREATININE,316
ANTI HIV I -II - RAPID,350
SERUM CREATININE,120
ENDOTOXIN,5040
"CULTURED AFB ANTITUBERCULAR DST, PYRAZINAMIDE",6000
ALPHA2-ANTIPLASMIN ACTIVITY,1260
CARCINOID TUMOR PANEL,7920
CULTURE AND SENSITIVITY - OTHERS,840
"ANTITHROMBIN ACTIVITY, FUNCTIONAL",6000
CT - RENAL ANGIO WITH CONTRAST,9600
ANTI HEV - IgM,3060
ALBUMIN - CSF,240
CANDIDA MANNAN ANTIGEN,7200
CATECHOLAMINES - URINE,6600
"5-AMINO LEVULINIC ACID (5-ALA), 24 HOURS URINE",6240
CA 27.29 AND CA 15.3 BREAST CANCER MARKERS PANEL,18000
"CYSTIC FIBROSIS, NEWBORN, SCREEN",5880
GLUCOSE TOLERANCE TEST - GTT,450
ANTI GLIADIN ANTIBODY - IgG,2880
"CULTURE, HAEMOPHILUS",1644
ANTI LIVER KIDNEY MICROSOMAL ANTIBODIES - ANTI LKM,3360
CMV - IgM,1104
BORRELIA IgM,1920
"CALCIUM, IONIZED",500
CULTURE AND SENSITIVITY - THROAT SWAB,500
6-THIOGUANINE,24000
ALDOLASE - SERUM,1716
24 Hrs URINE PROTEIN CREATININE RATIO,480
CARDIOMETABOLIC SYNDROME PANEL,3960
FACTOR VIII ACTIVITY,3924
ANTI TISSUE TRANSGLUTAMINASE ANTIBODIES,1680
"AMOEBIC SEROLOGY, IgG",2880
"CHIMERISM, PRE-ENGRAFTMENT, DONOR AND RECIPIENT",15600
BETA hCG - URINE,780
CT - LEG,5400
"CULTURE, DIPHTHERIA",1800
ALCOHOL  ETHYL SULPHATE (ETS) QUANTITATIVE ASSAY,6000
ANTI INTRINSIC FACTOR,3060
CA 19 .9,1800
ANGIOTENSIN CONVERTING ENZYME - ACE,4200
Anti-NMO (NEUROMYELITIS OPTICA) ANTIBODY / AQUAPORIN 4,7800
CT - ORBIT,3600
CK-MB,960
CALCIUM EXCRETION 2 HOUR FASTING URINE,600
ASPIRATION FLUID,600
BLOOD UREA NITROGEN - BUN,180
24 Hrs URINE MAGNESIUM,1836
"CHROMIUM, BLOOD",4800
ANTI THROMBIN III ACTIVITY,6120
Anti-MOG (MYELIN OLIGODENDROCYTE GLYCOPROTEIN) ANTIBODY,9600
ANTI PHOSPHOLIPID ANTIBODY - IgG,7320
CULTURE AND SENSITIVITY - WOUND SWAB,600
ANTIBODY TO SSB/La,5520
ANTI HBc TOTAL,1560
CORTICOSTERONE,912
"ALUMINIUM, SERUM",4200
ANTI HEV - IgG,3060
AMPHETAMINES CONFIRMATION,1080
BIOAVAILABLE TESTOSTERONE,2640
"ANTI NMO (NEUROMYELITIS OPTICA) PANEL, SERUM",9600
ALPHA AMINO NITROGEN - AAN,2760
ARSENIC BLOOD,6120
ACETOACETATE,960
ALDEHYDE CHOPRA TEST FOR KALA AZAR,576
ACETYL CHOLINE RECEPTOR BINDING ANTIBODY,5880
ANTI CARDIOLIPIN ANTIBODY - IgG,1476
24 Hrs URINE CALCIUM,280
ACTIVATED PROTEIN C RESISTANCE-APC-R,7200
"5-HYDROXY INDOLEACETIC ACID (5-HIAA), 24-HOUR URINE",4200
24 Hrs URINE PHOSPHORUS,180
17-HYDROXYPROGESTRONE,1800
PHENOLSULFONPHTHALEIN,1080
AMYLASE - BODY FLUID,492
"LEGIONELLA ANTIGEN, URINE",4200
"MANGANESE, RANDOM",1200
MRI -  EXTREMITIES WITHOUT CONTRAST,9600
MUCOPOLYSACCHARIDOSIS (MPS) TYPE 1 (HURLER),600
"OPIATES SCREEN, URINE",4080
24 Hrs URINE PROTEIN,500
ACTIVATED PARTIAL THROMPOPLASTIN TIME - APTT,360
"ALCOHOL, ETHYL GLUCURONIDE (ETG) QUANTITATIVE ASSAY",6000
LEUCOCYTE ADHESION DEFICIENCY (LAD I and II),5160
H.PYLORI - IgM,2448
MRI - HAND (RIGHT / LEFT),6000
MRI -  LUMBO SACRAL SPINE,6000
"METACHROMATIC LEUCODYSTROPHY, QUANTITATIVE",5880
24 Hrs URINE MICROALBUMINURIA,1980
NMDA RECEPTOR / ANTI-GLUTAMATE ANTIBODY,12840
MENORRHAGIA SCREEN,8400
LACTIC ACID,1440
"PROTEIN S, (FREE) ANTIGEN",7440
"HEPATITIS C VIRAL (HCV RNA) QUANTITATIVE, REAL TIME PCR",6732
MALARIAL PARASITE,300
ERYTHROPOIETIN,4200
INSULIN - PP,960
5-ALPHA-DIHYDROTESTOSTERONE,7200
INSULIN ANTIBODY,3060
IMMUNE DEFICIENCY PANEL,2760
MRI - HIP JOINT / BONY PELVIS,6000
HLA- PANEL REACTIVE IgG ANTIBODIES - SCREEN,7080
ENDOMETRIOSIS PANEL,1800
GRIN2A,24000
X-RAY - WRIST JOINT AP / LAT VIEW,500
"HEPATITIS B CORE ANTIBODY (Anti- HBc), TOTAL",1800
"CORTISONE, SERUM",912
MRI SCAN - LEFT  WRIST,6000
FRUCTOSAMINE,1476
HIV I RNA QUANTITATIVE PCR,6120
MRI - BRAIN WITH CERVICAL SPINE SCREENING,9600
HEPATITIS Be ANTIGEN (HBeAg),1320
EPISODIC ATAXIA TYPE 2,24000
OXYGEN CONSUMPTION,2880
X-RAY - KNEE A.P AND LATERAL,500
EEG,1800
COMPLETE URINE EXAMINATION,180
GROUP A STREPTOCOCCAL ANTIGEN,1920
"THALLIUM, 24-HOUR URINE",6120
"LEAD, 24-HOUR URINE",3672
"CULTURE, GONOCOCCUS",1680
GENTAMICIN,3600
LUPUS ANTICOAGULANT BY DRVVT,2400
CT - THIGH,4800
DOPAMINE - BLOOD,4920
CA 15.3,1440
CT - LEFT HIP,4800
"THALLIUM, RANDOM URINE",6900
MRI - BRAIN  IC,6000
X-RAY - MASTOID,350
VGKC (VOLTAGE GATED POTASSIUM CHANNEL) ANTIBODIES,10200
THYROXINE BINDING GLOBULIN - TBG,8568
LEBERS HEREDITARY OPTIC NEUROPATHY - LHON,30000
MRI - JOINT SCREENING,6000
GALACTOSEMIA NEWBORN SCREEN,600
RED BLOOD CELL FOLATE - RCF,180
X-RAY - ANKLE LATERAL VIEW,350
INHIBIN B,16800
X-RAY - HEEL LATERAL VIEW,350
ULTRA SENSITIVE INSULIN - FASTING,1320
LEPTOSPIRA - IgM,1920
CT - PELVIS WITH CONTRAST,6600
PROGESTERONE,1080
MRI - HEAD WITHOUT CONTRAST,6000
INSULIN FASTING,960
"BONE MARROW, IRON STAIN",2160
HERPES SIMPLEX VIRUS 1&2 - IgG,2160
CULTURE AND SENSITIVITY - TISSUE,600
CHYLE EXAMINATION,840
"UREA NITROGEN, RANDOM URINE",180
VASCULITIS PANEL,7800
ISLET CELL ANTIBODY,3240
"POTASSIUM, RANDOM",360
"HEPATITIS B VIRAL (HBV DNA) QUANTITATIVE, REAL TIME PCR",6960
MRI - HIP SCREENING,6000
MRI - BRAIN  WITH INNER EAR,7200
HDL CHOLESTEROL - DIRECT,180
CULTURE GROUP B STREPTOCOCCUS - GBS,2160
"HERPES SIMPLEX VIRUS (HSV) TYPE 1, PCR, QUALITATIVE",6960
HSV  II - IgM,3000
URINE SODIUM - SPOT,480
SSA/Ro ANTIBODY SERUM,2160
OSMOLALITY - URINE,984
SYPHILIS SEROLOGY,1860
MRI - CERVICAL SPINE WITH BRAIN SCREENING,9600
U1RNP ANTIBODIES SERUM,6000
MRI - LUMBAR SPINE,6000
GLOBULIN,180
AFB - SPUTUM (3 DAYS),540
TRANSFERRIN SATURATION,864
HEMOGLOBINOPATHY NEWBORN SCREEN,6000
HEPATITIS Be ANTIBODY (Anti-HBe),1500
UREA CLEARANCE,720
"ENDOMYSIAL ANTIBODY, IgA, IFA",2880
TOTAL THYROXINE - T4,300
CT - SPINE WITHOUT CONTRAST,6600
"RHEUMATOID FACTOR (RA), SYNOVIAL FLUID",960
AFB - SPUTUM,540
CT - LEFT KNEE,4800
NT-proBNP,3800
"ENTAMOEBA ANTIGEN TEST , RAPID, STOOL",1080
MRI - KNEE SINGLE JOINT WITH CONTRAST,9600
"CHIKUNGUNYA VIRUS, PCR QUALITATIVE",5760
HEMOGLOBIN FRACTIONATION,1680
HISTAMINE EXCRETION,7320
"HEPATITIS B VIRAL (HBV DNA), QUANTITATIVE REAL TIME PCR, ULTRA",6960
TRANSFERRIN,1560
TB - IgG,3000
"HELICOBACTER PYLORI, IgG",2880
CT - CHEST WITH CONTRAST (FOR LUNGS),6600
Scl-70 (SCLERODERMA ) ANTIBODY SERUM,1560
TOTAL PROTEIN S ANTIGEN,8520
"CULTURE, STOOL",1920
X-RAY - LUMBOSACREL SPINE LAT VIEW,350
CT - HEAD WITHOUT CONTRAST,4800
LIVER KIDNEY MICROSOMAL (LKM) ANTIBODY,3360
"METANEPHRINES, FRACTIONATED - BLOOD",9840
"SIROLIMUS, WHOLE BLOOD",7920
HERPES SIMPLEX VIRUS (HSV) 1 IgM,1800
X-RAY - BOTH HEEL LAT,500
MRI - ARM / HUMERUS,6000
VARICELLA ZOSTER ANTIBODY - IgM,3060
HLA - B27,3960
"CULTURED AFB ANTITUBERCULAR DST, 15 DRUGS PANEL",26400
STEROID PANEL FOR CONGENITAL ADRENAL HYPERPLASIA (CAH),24600
"LEISHMANIA ( KALA AZAR) ANTIBODY, IgG,SERUM",2640
FECAL POTASSIUM,3960
"CULTURE, NOCARDIA",1740
"PROTEIN TOTAL, BODY",300
VENOUS BLOOD GAS STUDIES-VBGS,2280
SPERM DENSITY,3120
"HEINZ BODIES, PERIPHERAL BLOOD",492
THYROGLOBULIN,2460
ULTRASONOGRAM - FOLLICULAR STUDY,2400
HCV COMBO (RT PCR) TEST HCV QNT RT PCR  HCV GENOTYPE,7200
VALPROIC ACID,1320
TROPONIN - I QUANTITATIVE,2160
PERIPHERAL SMEAR STUDY,360
CORTISOL 4PM,700
"CULTURE, FUNGUS, BLOOD ,BODY FLUIDS RAPID",4284
GALACTOSE QUANTITATIVE PLASMA,2280
Jo-1 ANTIBODY SERUM,2820
IONISED CALCIUM,900
MRI - LEG ( RIGHT / LEFT),6000
CT - LEFT FOOT,4800
BRUCELLA AGGLUTINATION TEST,4284
sdLDL - CHOLESTEROL,380
"CHLAMYDIA TRACHOMATIS, PCR",8520
"SEROTONIN, RANDOM URINE",10800
GERM CELL TUMOR PANEL,30000
SUGAR - CSF,420
DELTA-AMINOLEVULINIC ACID,9600
HEPATITIS B SURFACE ANTIGEN HBsAg,660
"STOOL EXAMINATION, ROUTINE, STOOL, R/E",240
CREATININE RANDOM URINE,240
LUTEINIZING HORMONE - LH,600
TREPONEMA PALLIDUM HEMAGGLUTINATION-TPHA,1200
RAPID TB ANTIGEN,3300
MRI - LEFT HIP JOINT,6000
CT - NECK WITH CHEST,6600
PHENYTOIN,1440
"URINE, REDUCING SUBSTANCES",240
LDH ASCITIC FLUID,612
CHIKUNGUNYA - IgG,1440
H.PYLORI ANTIGEN DETECTION - STOOL,2640
SPHINGOLIPIDOSIS PANEL,14400
GRAM STAIN - SMEAR,360
GLUTAMIC ACID DECARBOXYLASE- 65 IgG,9060
OCCULT  BLOOD - STOOL,180
"CHLORIDE, RANDOM URINE",360
"ERYTHROPOIETIN, EPO",4200
BMD - WHOLE BODY STUDY,6000
NEURON SPECIFIC ENOLASE,5400
CHIKUNGUNYA  - IgM,1440
CERULOPLASMIN - SERUM,1560
"HEPATITIS DELTA ANTIBODY (HDV), IgM",3360
IMMUNOGLOBULIN G - IgG,1020
Sm (SMITH) ANTIBODY IgG SERUM,2100
THEOPHYLLINE,1320
HEPATIC IRON INDEX,1320
ANTI SMOOTH MUSCLE ANTIBODIES - ASMA,3900
CT - KUB,4800
FILARIA ANTIBODY IGM,1440
PROTEIN C ACTIVITY,6660
CT - BRAIN,3000
SKIN SCRAPING FOR FUNGUS,2400
CA-125,1560
METANEPHRINE - BLOOD,4896
EVEROLIMUS,29100
"HUMAN PAPILLOMA VIRUS, REAL TIME PCR",7200
"SILVER, SERUM",8400
CT - AORTOGRAM,5400
c-ANCA SERIN PROTEINASE 3 (PR-3) ANTIBODIES,2520
PROTEIN - PLEURAL FLUID,3601.2
T3 RESIN UPTAKE,660
"LEAD, BLOOD",2700
HCV RNA QUALITATIVE,6000
SERUM ASCITES ALBUMIN GRADIENT (SAAG),720
"HEPARIN INDUCED THROMBOCYTOPENIA (HIT) IgG ANTI PLATELET FACTOR 4 -HEPARIN (PF4-H), IgG QUANTITATIVE",13200
"ENTEROVIRUS ANTIGEN, STOOL",5700
IMMUNOGLOBULIN M - IgM,840
SCRUB TYPHUS - Igg  IgM,1440
ALPHA FETO PROTEIN - AFP,1440
"PROTEIN, TOTAL, CSF",1800
LISTERIA ANTIGEN STOOL,240
EBV - IGM,3672
NOREPINEPHRINE - BLOOD,12000
"HEPATITS E VIRUS DETECTION, PCR",9600
MEASLES ANTIBODY - IgM,4200
CT - RIGHT FOOT,5400
FATTY LIVER INDEX,1440
ALBUMIN AND IgG CSF,240
MRI - HIP WITH CONTRAST,9600
CYCLOSPORINE,6000
CULTURE MALASSAZIA,1860
RUBELLA - IgM,1104
"(1,3)-BETA-D-GLUCAN",12000
HBV DNA QUANTIFICATION,6720
ERYTHROCYTE COUNT,420
ABSOLUTE EOSINOPHIL COUNT,180
HSV  II -  IgG,3000
"HCG, BETA, TOTAL, QUANTITATIVE, 24 HOUR URINE",1200
"PROSTATE - SPECIFIC ANTIGEN, TOTAL",1200
SALICYLATE,1200
PROTEIN S ACTIVITY,9600
DIGOXIN - SERUM,1440
"CULTURE, AEROBIC, BODY FLUIDS, RAPID",1620
NOREPINEPHRINE - URINE,5340
GLUCOSE - CSF,480
MRI - CHEST / THORAX,6000
PAPP-A (PREGNANCY ASSOCIATED PLASMA PROTEIN-A),2220
"ENTEROHEMORRHAGIC E.COLI, VEROTOXIN 1 AND 2 ANTIGEN",3600
"PARVOVIRUS B19 ANTIBODY, IgM",4080
"CULTURED AFB ANTITUBERCULAR DST, CYCLOSERINE",4080
CULTURE AND SENSITIVITY - BODY FLUID,600
URINE SUGAR - RANDOM,100
FIBROBLAST GROWTH FACTOR-23,13200
ABSOLUTE RETICULOCYTE COUNT,240
FACTOR II,7020
"CULTURED AFB ANTITUBERCULAR DST, ETHAMBUTOL",3360
MRI - RIGHT SHOULDER WITHOUT CONTRAST,9600
FUNGAL STAIN - KOH & LPCB,600
"OPIATES CONFIRMATION, URINE",7320
OSMOLALITY - SERUM,984
CULTURE - BIOLOGICAL INDICATOR,540
CT - FACIAL BONES,4800
MRI - ORBIT WITHOUT CONTRAST,7200
COMPLEMENT C4,1560
MRI - NECK,6000
MIXING STUDIES - APTT,3600
"COCAINE AND METABOLITE CONFIRMATION, URINE",960
"HERPES SIMPLEX VIRUS (HSV) 1 and 2 ANTIBODIES PANEL, IgG And IgM,",3180
MRI - ANKLE SINGLE JOINT WITH CONTRAST,9600
H.PYLORI - IgG,2448
MRI - ABDOMEN WITH CONTRAST,9600
MRI - MRCP,6000
MRI - DORSAL/DORSO LUMBAR SPINE WITHOUT CONTRAST,9600
IRON STUDIES MONITORING PANEL,768
MICROFILARIA - MF,300
"LACTATE, VENOUS",1836
HBsAg - RAPID,300
PROTEIN ELECTROPHORESIS-24 HOURS URINE,2088
COLD AGGLUTININ TITER,984
"CULTURE, AEROBIC, CSF",1320
DOPPLER STUDY - BOTH LOWER LIMB VENOUS,4000
CULTURE AND SENSITIVITY - STOOL,600
CT - SCREENING CBD,4200
"CULTURE,AEROBIC,ENDOTRACHEAL (ET) SECRETIONS",1920
ELECTROPHORESIS OF SERUM PROTEINS,8568
OBESITY PANEL,7200
IMMUNOGLOBULIN G - IgG 4 SUBCLASS,12240
HPE ER/PR & Her-2/ Neu,1800
COPPER - SERUM,2208
TROPONIN I - QUALITATIVE,2460
"HEPATITIS B VIRUS (HBV DNA) PCR, QUALITATIVE",6900
MRI - BOTH KNEE,12000
CHOL / HDL RATIO,180
PLEURAL FLUID - WBC COUNT,360
CULTURE AND SENSITIVITY - SEMEN,1080
"CALCIUM ,CREATININE RATIO, RANDOM URINE",648
"POMPE DISEASE, QUANTITATIVE",30000
"CORTISOL, MIDNIGHT, SERUM",700
MRI - TEMPORAL BONE SCREENING,6000
HEPATITIS B PROFILE,4800
MEAN CORPUSCULAR HAEMOGLOBIN - MCH,150
CT - PELVIS WITHOUT CONTRAST,6600
DUAL MARKER TEST,4200
IMMUNOGLOBULIN E - IgE,1600
"CULTURE, ACTINOMYCES",1800
HIV ELISA,2448
ECG,180
FOLLICLE STIMULATING HORMONE - FSH,720
PLATELET DISTRIBUTION WIDTH - CV,1080
MRI - HIP JOINT,6000
CULTURE AND SENSITIVITY - SWAB,500
TOTAL ANTIOXIDANT STATUS,2400
CERULOPLASMIN,1560
BETA HYDROXY BUTYRATE KETONE,2640
C-PEPTIDE - PP,1260
HBeAg,3060
"ANTI A TITRE, IgG",1980
"CYTOMEGALOVIRUS (CMV) ANTIBODIES PANEL, IgG AND IgM, SERUM (CLIA)",1440
CT - LIMBS WITH CONTRAST,6600
HERPES SIMPLEX VIRUS (HSV) 2 IgM,1080
CHLAMYDIA TRACHOMATIS - IgG,2448
"CALCIUM, TOTAL and IONIZED",876
BACTERIAL MENINGITIS SCREEN,8640
BRUCELLA  ANTIBODY,4200
CARCINO EMBRYONIC ANTIGEN - CEA,918
PHENOBARBITONE,1680
NITROSONAPHTHOL,25200
DIHYDROTESTOSTERONE,3000
GALACTOSEMIA CLASSICAL (TRANSFERASE) QUANTITATIVE BLOOD,3600
CHIMERISM SPLIT CELL ANALYSIS - B CELL (CD19),13200
X-RAY - LUMBOSACRAL SPINE EXTENSION,500
HEMOPHILIA PANEL,39600
"PHENYLALANINE, NEWBORN SCREEN",7884
"NIEMANN PICK DISEASE, QUANTITATIVE, BLOOD",30000
ESTIMATED AVERAGE GLUCOSE,960
IRON STUDIES,1320
MRI - PELVIS WITHOUT CONTRAST,6000
FREE T3,350
CYTOLOGY  SPUTUM,600
ALPHA-1-ANTITRYPSIN QUANTITATION,4284
"COBALT, BLOOD",4320
HIRSUTISM PANEL,4200
CT - HRCT LUNG / CHEST / THORAX,6000
PAP SMEAR - LIQUID BASED CYTOLOGY,1476
"CALCIUM, RANDOM URINE",648
"NICKEL, RANDOM URINE",5400
"CATECHOLAMINES, RANDOM URINE",12000
MRI - CERVICAL SPINE,6000
C-REACTIVE PROTEIN - CRP,480
"OSTEOCALCIN BONE Gla PROTEIN (BGP), SERUM",3720
MRI - HEAD WITH CONTRAST,9600
"CULTURED AFB ANTITUBERCULAR DST, 12 DRUGS PANEL",20280
MEAN PLASMA GLUCOSE - MPG,4284
DEHYDROEPIANDROSTERONE SULPHATE - DHEA SO4,3060
"VITAMIN D, ULTRASENSITIVE",3600
CLOTTING TIME (CT),60
"CULTURED AFB ANTITUBERCULAR DST, ISONIAZID",3780
FREE LIGHT CHAIN KAPPA / LAMDA - URINE,8340
AFB - STAINING,720
HEPATITIS C ANTIBODY (Anti-HCV),600
ANTI Ds DNA,2640
CANAVAN DISEASE,24000
24 Hrs URINE URIC ACID,160
TOTAL PROTEIN,300
"CADMIUM, 24-HOUR URINE",6240
ANTI DNase B,5820
BETA2 MICROGLOBULIN - BLOOD,3060
MRI - BRAIN WITH WHOLE SPINE,9000
CELL COUNT and CELL TYPE CSF,660
MTB - GENEXPERT CSF,2880
24 Hrs URINE SODIUM,612
MEAN CORPUSCULAR VOLUME - MCV,150
LDL CHOLESTEROL - DIRECT,180
"ZINC, RANDOM URINE",3084
X-RAY - KNEE LAT,350
ANTI IA-2 (INSULINOMA ASSOCIATED ANTIGEN),6600
MRI - PELVIS WITH CONTRAST,8400
ANTI GLIADIN ANTIBODY - IgA,3672
MRI - FOOT WITH ANKLE,7200
"MERCURY, 24-HOUR",5400
X-RAY - BOTH HIP AP / LAT,500
MAMMOGRAPHY - BOTH BREAST,3000
"C-PEPTIDE, FASTING, SERUM",1680
X-RAY - ANKLE AP VIEW,350
LITHIUM,984
HEMATOCRIT,420
FRACTIONAL EXCRETION OF SODIUM - FeNa,1800
ANTISTREPTOLYSIN O TITER - ASO,180
URINE PROTEIN,600
FECAL NITROGEN,4560
"VMA (VANILMANDELIC ACID),24 HOUR URINE",4680
CULTURE AND SUSCEPTIBILITY - URINE,600
ESTRADIOL (E2),960
GM1 GANGLIOSIDOSIS QUANTITATIVE,14400
ALLERGIC PROFILE - NON VEGETARIAN FOOD,15240
ESTRIOL - URINE,960
CULTURE,600
"G-6-PD, NEWBORN SCREEN",1080
"ELECTROLYTES, 24 HOUR URINE",756
ALBUMIN - SERUM,180
CT - CHEST WITH ABDOMEN,10200
"CULTURE KPC (CARBAPENEMASE), SCREENING",1200
"CRYPTOSPORIDIUM / ISOSPORA IDENTIFICATION, STOOL",696
DENGUE - IgM - RAPID,1140
CT - RIGHT KNEE,5400
COPROPORPHYRIN,7800
"CYTOMEGALOVIRUS, INTERFERON GAMMA RELEASE ASSAY (IGRA)",4200
LEUKOCYTE COUNT - URINE,240
LYMPHOCYTE SUBSETS,9960
AUTOIMMUNE LIVER DISEASES PROFILE IgG,10440
CT - BRAIN WITH ORBIT,6240
LE CELL PHENOMENON,528
ANTI HBs,1440
HLA B 51,6372
CAMPYLOBACTER ANTIGEN,2400
"TUMOUR NECROSIS FACTOR (TNF) ALPHA, SERUM",5760
CULTURE AND SENSITIVITY - PUS,600
VANCOMYCIN,9180
X-RAY - FOOT LATERAL VIEW,350
BIOPSY MEDIUM - 1,1440
X-RAY - PNS,350
MRI -  CREVICAL SPINE WITH BRACHIAL PLEXUS,9600
DOPPLER STUDY - SINGLE LOWER LIMB VENOUS,2200
X-RAY - NASOPHYRANX FOR ADENOIDS,350
CT - RIGHT HIP,4800
SERUM CALCIUM,200
INSULIN SENSITIVITY,3060
FUNGAL GROWTH - TISSUE,1104
ETHANOL,1620
CT - LOWER LIMB ANGIO WITH CONTRAST,7800
HSV I - IgM,3000
BRUCELLA IgG ANTIBODY,2400
DENGUE - IgG - ELISA,1440
CARBAMAZEPINE,1200
STOMACH HEALTH TEST / GASTRO PANEL,5160
CT - ANKLE ( RIGHT / LEFT ),4800
GAMMA GLOBUIN - CSF,21600
"ASPERGILLUS ANTIBODY IgM, SERUM",7200
CT - NECK,5400
"PORPHYRINS TOTAL, QUALITATIVE, RANDOM",5880
"CORTISOL, SALIVA",2808
RBS (RANDOM BLOOD SUGAR),60
"ARSENIC, RANDOM URINE",4800
BILE SALT,150
"CHOLESTEROL, FLUID",840
"BIOTINIDASE, NEWBORN SCREEN",7200
ANTITHROMIN III,5640
"NEISSERIA GONORRHOEAE PCR, QUALITATIVE",4680
BILE PIGMENT,150
"ANTI SOLUBLE LIVER ANTIGEN (SLA), SERUM",1800
"CHLORIDE,SERUM",180
FILARIA ANTIGEN,1536
ANTI HAV - IgM,1800
"BETA 2 GLYCOPROTEIN I, IgA",1500
CHLAMYDIA ANTIGEN,2088
"ESTRIOL UNCONJUGATED ,FREE (E3)",1600
"ALUMINUM, DIALYSIS FLUID",2808
ANTI SPERM ANTIBODY,1836
DOPPLER STUDY - PENILE,2200
"CATECHOLAMINES, PLASMA",12480
CA 27.29,1800
"CORTISOL SUPPRESSION BY DEXAMETHASONE, OVERNIGHT LOW DOSE",840
AMINO ACIDS QUALITATIVE - URINE,12000
ADRENO CORTICOTROPHIC HORMONE - ACTH,2160
"CORTISOL, FREE, 24-HOUR URINE",2400
"ADENOVIRUS, QUALITATIVE PCR",7200
"HEPATITIS A ANTIBODY (ANTI HAV), IgM, SER",2448
HEPATITIS B VIRUS (HBV DNA) GENOTYPE AND DRUG RESISTANCE,4896
"CREATININE, 24-HOUR URINE",744
CULTURE HELICOBACTER PYLORI,4200
"GROWTH DISORDER PANEL, SERUM",21600
"CULTURED AFB ANTITUBERCULAR DST, LEVOFLOXACIN",3360
MRI - PITUITARY GLAND WITHOUT CONTRAST,6000
CT - BRAIN WITH DWI,6600
"BORDETELLA PERTUSSIS ANTIBODY, IgG",3432
HbA1c,500
HAEMATOLOGY II,3000
CT - JOINTS,4800
MENOPAUSE SCREENING PANEL,3000
"COPPER, 24-HOUR URINE",2880
BIOPSY LARGE - 2,2000
"CLOSTRIDIUM DIFFICILE DETECTION, PCR",8700
CT - BRAIN WITH PNS,7200
GALACTOMANNAN (ASPERGILLUS ANTIGEN) SERUM,7200
"FACTOR XIII, B SUBUNIT",2400
LDH,600
CULTURE AND SENSITIVITY - EAR SWAB,500
CT - NECK WITH CONTRAST,6600
ADENOVIRUS ANTIGEN FOR RESPIRATORY INFECTIONS,14400
X-RAY - LEG LAT VIEW,350
"ENDOMYSIAL ANTIBODY, IgA, IFA IN DILUTIONS",5232
CT HEAD WITH CONTRAST,6600
HISTONE ANTIBODIES,3600
"BACTERIAL VAGINOSIS (BV) TEST ,RAPID, VAGINAL SWAB",648
D-XYLOSE ABSORPTION,1440
"HCG BETA, TOTAL, TUMOR MARKER",1560
CHROMOGRANIN A,18240
CREATININE FLUID,316
CT - WHOLE ABDOMEN WITHOUT CONTRAST,6600
CT - UROGRAM  ( CONTRAST),6600
ANGIOTENSIN CONVERTING ENZYME,3300
LEUKOCYTE COUNT - BLOOD,150
HOMOCYSTEINE,1050
CT - PERIPHERAL ANGIO WITH CONTRAST,6600
BETA2 MICROGLOBULIN - FLUID,3060
X-RAY - BOTH KNEE ( SKYLINE ),500
FREE T4,350
DOPPLER STUDY - SINGLE UPPER LIMB VENOUS,2200
IMMUNOGLOBULIN IgG SYNTHESIS INDEX AND RATE,4200
ALBERT STAIN,720
CALCITONIN,4284
X-RAY - ELBOW AP VIEW,350
"CHROMOGRANIN A,CGA",11400
ANTIHISTONE ANTBODIES,2700
BLOOD GLUCOSE - PP 2 Hrs,50
CT - BRAIN WITH FACIAL BONES,9600
"H1N1 (SWINE FLU) QUALITATIVE, REAL TIME PCR",4200
"CRYPTOSPORIDIUM ANITGEN, STOOL",540
"STOOL EXAMINATION, HANGING DROP PREPARATION",450
HEAVY METAL SCREE,2400
24 Hrs URINE CHLORIDE,492
"AMINO ACID NON KETOTIC HYPERGLYCINEMIA PANEL QUANTITATIVE, CSF - PLASMA",10800
"VGKC (VOLTAGE GATED POTASSIUM CHANNEL) ANTIBODY, CSF",12000
"C-PEPTIDE, 24-HOUR URINE",1260
"CHIKUNGUNYA VIRUS ANTIBODY, IgM",1500
VARICELLA ZOSTER ANTIBODY - IgG,3060
"SELENIUM, SERUM",10200
C-REACTIVE PROTEIN (High Sensitivity),1060
CLOT RETRACTION TEST,840
CYSTATIN C LEVEL,2448
IMMUNOGLOBULIN A - IgA,1200
ACETYL CHOLINE RECEPTOR ANTIBODY,5004
ASCORBIC  ACID (VITAMIN C),4896
CULTURE AND SENSITIVITY - AIR CULTURE,500
X-RAY - CERVICAL SPINE LATERAL VIEW,350
COMPLEMENT COMPONENTS,1860
URINE SUGAR - FASTING,50
G6 PDH,1200
"UREA NITROGEN, 24-HOUR URINE",420
17-KETOSTEROIDS 24 HOUR URINE,12000
TOTAL TRIIODOTHYRONINE - T3,420
DENGUE NS1 ANTIGEN - ELISA,1140
ADENOSINE DEAMINASE - ADA PLEURAL FLUID,1164
"C-PEPTIDE STIMULATION BY GLUCAGON, SERUM",7200
"HEPATITIS E ANTIBODY (Anti-HEV), IGG",3000
CT - BRAIN WITHOUT CONTRAST,6000
URINE MICROALBUMIN,612
CARBOXYHEMOGLOBIN,1680
"ASCA (ANTI SACCHAROMYCES CEREVISIAE) ANTIBODY, IgA",5940
VITAMIN A,5508
"COBALT, 24-HOUR URINE",4200
ABSOLUTE NEUTROPHIL COUNT,372
COAGULATION SCREEN,1152
HBsAg - ELISA,960
FREE LIGHT CHAIN KAPPA / LAMDA - SERUM,10200
24 Hrs URINE VANILLYLMANDELIC ACID,4680
"CANNABINOIDS SCREEN, URINE",1020
STEROID PANEL FOR PREMATURE ADRENARCHE,5400
UNBOUND IRON BINDING CAPACITY - UIBC,540
ABSOLUTE MONOCYTE COUNT,372
TOTAL URINE VOLUME,600
"CHRONIC LYMPHOCYTIC LEUKEMIA (CLL), MUTATIONS DETECTION PANEL 1",23280
"CULTURED AFB ANTITUBERCULAR DST, RIFAMPICIN",3360
ULTRASONOGRAM - ANOMALY SCAN,2000
ANTI HAV TOTAL,3600
"PRE-ECLAMPSIA PREDICTION PANEL (PLGF, SFLT, SFLT-1/PLGF RATIO)",3840
FREE TESTOSTERONE,2160
HYDROXYPROLINE,1800
RETICULOCYTE COUNT,200
"HEPATITIS C VIRAL (HCV RNA), QUANTITATIVE, ULTRA",4896
"SEMEN FRUCTOSE, QUALITATIVE",900
VON WILLEBRAND FACTOR RISTOCETIN COFACTOR ACTIVITY,12840
TOXOPLASMA - IgM,840
"BLOOD GROUP, ABO AND RH TYPING AUTOMATED",300
C3 AND C4 COMPLEMENT PANEL,1860
C-PEPTIDE - FASTING,1968
CULTURE AND SENSITIVITY - WATER,500
UREA NITROGEN,200
VLDL,150
MRI - CERVICAL SPINE WITH SHOULDER SCREENING,9600
CMV - IgG,1104
TOTAL IRON BINDING CAPACITY - TIBC,612
POST PRANDIAL BLOOD SUGAR-PPBS,50
BIOPSY MEDIUM - 2,1400
ANTI-MYELOPEROXIDASE ANTIBODY,2520
"ALKAPTONURIA, URINE, QUANTITATIVE",5100
BMD - SPINE AND HIP,2400
ATYPICAL ANCA,2520
PLATELET TO LARGE CELL RATIO - PLCR,1080
CPK,720
"THALLIUM, BLOOD",5220
BETA2 MICROGLOBULIN - URINE,3060
MEASLES ANTIBODY - IgG,4200
HAEMATOCRIT - HCT,180
GASTRIN,1800
QUALITATIVE RT - PCR - COVID 19 (SARS - COV 2),1200
"COPPER, RANDOM URINE",2520
PERNICIOUS ANEMIA PANEL,1440
BUN/CREATININE RATIO,400
ULTRASOUND - ABDOMEN WITH TVS,2000
Anti Thyroglobulin Antibody (ATG),2800
HEPARIN ANTI FACTOR Xa ASSAY,12420
ABSOLUTE LYMPHOCYTE COUNT,300
"URINE, DYSMORPHIC RBCURINE, DYSMORPHIC RBC",540
17-HYDROXYCORTICOSTEROIDS  24 HOUR URINE,1800
"PARVOVIRUS B19 ANTIBODY, IgG,",6480
HEMOPHILIA A CARRIER DETECTIO,3000
GRAM STAIN - PUS,420
ALKALINE PHOSPHATASE,200
BIOPSY SMALL - 2,900
HEPATITIS B SURFACE ANTIGEN (HBsAg) CONFIRMATION,960
CALCITONIN STIMULATION BY CALCIUM - PENTAGASTRIN,17400
BLOOD GROUP ABO AND Rh TYPING,150
ADIPONECTIN,4800
MRI - RIGHT KNEE,6000
DOPPLER STUDY - CAROTID,2200
"HCG,BETA,TOTAL, PREGNANCY, SERUM",1560
PROTHROMBIN TIME - PT INR,500
"HELICOBACTER PYLORI ANTIGEN, RAPID STOO",4797.6
MUCOPOLYSACCHARIDOSIS (MPS) SCREEN,1500
ANTI HCV RAPID,500
NPM1 GENE MUTATION,6600
N-TELOPEPTIDE,6000
CULTURE AND SENSITIVITY - SPUTUM,600
"CARDIOLIPIN ANTIBODY, IgA ,SERUM",2520
"HELICOBACTER PYLORI, IgA",2448
STONE ANALYSIS,1968
GLYCOPROTEIN A-SUBUNIT,10200
CHRONIC LYMPHOCYTIC LEUKEMIA (CLL) MUTATIONS DETECTION PANEL 2,23280
CD3/CD4/CD8 COUNT PROFILE,3240
BETA hCG,1350
ANTI-F-ACTIN ANTIBODIES,3840
URINE PREGNANCY,150
"CHIMERISM, POST-ENGRAFTMENT",7440
"AFB IDENTIFICATION, RAPID PNB TEST",1800
FILARIA ANTIBODY IgG,1836
"H3N2 And INFLUENZA B QUALITATIVE, PCR",4200
"CYTOMEGALOVIRUS (CMV) ANTIBODY, IgG",11160
"SMOOTH MUSCLE ANTIBODY (ASMA), IFA IN DILUTIONS",1968
DOPPLER STUDY - SINGLE LOWER LIMB ARTERIES,2200
BETA 2 GLYCOPROTEIN I - IgM,1500
MRI - FISTULOGRAM  / PERINEUM,6000
C-ANCA,2520
SODIUM,180
MRI - CERVICAL SPINE  WITH WHOLE SPINE SCREENING,9600
REPTILASE TIME,1080
AMYLASE - URINE,600
GLUCOSE CHALLENGE TEST (GCT) After  75g GLUCOSE,350
CARDIO C-REACTIVE PROTEIN (hsCRP),1180
HAPTOGLOBIN,3924
ULTRASONOGRAM - SCROTUM,2200
"CULTURED AFB ANTITUBERCULAR DST, ETHIONAMIDE",600
pH - URINE,120
AST/ALT RATIO,240
BIOPSY SMALL - 1,960
"EGFR, MUTATIONAL ANALYSIS",15000
"BIOFIRE GI (GASTROINTESTINAL PANEL),STOOL",26040
CT - CHEST / THORAX,4800
"HEPATITIS Be PANEL,",4560
MRI - BRAIN WITH MRA,9600
CULTURE AND SENSITIVITY - TISSUE FUNGAL,1620
"CULTURE ESBL (EXTENDED SPECTRUM BETA-LACTAMASE), SCREENING",1620
POTASSIUM,180
"Anti-MOG (MYELIN OLIGODENDROCYTE GLYCOPROTEIN) ANTIBODY, CSF",6636
CALR MUTATION DETECTION,5880
KARYOTYPING,3360
MRI - BRAIN WITH MRV,9600
FNAC,1800
CULTURED FUNGUS IDENTIFICATION,600
DENGUE - IgM - ELISA,2040
ANTI PARIETAL CELLS ANTIBODY,2110.8
CT - LIMBS WITH CONTRAST INCLUDING  CT ANGIOGRAPHY,12000
APOLIPOPROTEIN - B,600
AMPHETAMINE SCREEN,1476
GRAMSTAIN - BODY FLUID,600
CRYOGLOBULINS QUALITATIVE TEST,1320
"CHROMIUM, 24-HOUR URINE",4896
MRI - SPINE SCREENING WITHOUT CONTRAST,6000
CD34 enumeration,2280
"BILIRUBIN, FLUID",312
MYOGLOBIN - URINE,1306.8
CT - WHOLE ABDOMEN WITH CONTRAST,7200
ANTIMITOCHONDRIAL ANTIBODIES,2700
MRI - DORSAL SPINE WITH WHOLE SPINE SCREENING,9600
INDIRECT COOMBS TEST - ICT,960
CT - LIMBS WITHOUT CONTRAST,6000
HAND WITH WRIST LAT VIEW,420
ALBUMIN/CREATININE RATIO,720
ANTI DIURETIC HORMONE - VASOPRESSIN,6120
FECAL FAT,1080
"CITRATE, 24-HOUR URINE",2448
ANTI-MAG,5472
FIBRINOGEN,1476
NAFLD FIBROSIS SCORE,1320
PLATELETCRIT,240
CHIMERISM SPLIT CELL ANALYSIS,7440
ANTIBODIES TO DOUBLE-STRANDED DNA,2640
AMMONIA,1224
CT - ANGIOGRAPHY CHEST,10200
"BETA 2 GLYCOPROTEIN 1 PANEL, IgG, IgM, IgA",7560
"CHIMERISM, PRE-ENGRAFTMENT",7440
FAECAL CALPROTECTIN - STOOL,4896
ERYTHROCYTE SEDIMENTATION RATE - ESR,150
MRI - RIGHT FOOT,6000
ANTICARDIOLIPIN ANTIBODIES IgG and IgM,2160
LIPOPROTEIN - a,600
"PARVOVIRUS B19 ANTIBODIES PANEL, IgG - IgM",3120
MEAN PLATELET VOLUME - MPV,180
CERULOPLASMIN - COPPER OXIDE,1836
ANTI-D NASE,2400
MRI - CERVICAL/CERVICO DORSAL SPINE WITHOUT CONTRAST,10200
BETA 2 GLYCOPROTEIN I - IgG,1500
ALDOSTERONE - 24 HRS URINE,4284
FECAL SODIUM,660
PLATELET COUNT,150
"C. DIFFICILE TOXIN A AND B, STOOL",4500
DIRECT COOMBS TEST - DCT,480
"5-HYDROXY INDOLE ACETIC ACID (5-HIAA), RANDOM URINE",4200
FACTOR V,6120
"PLATELET COUNT, FLUORESCENT",240
IMMUNOGLOBULIN PROFILE,3060
"CORTISOL, SERUM (MORNING SAMPLE)",700
"LACTATE, CSF",612
COPPER - URINE,2448
"17-HYDROXYPROGESTERONE (17-OHP), NEWBORN SCREEN CAH SCREEN",1800
ANTI CCP,2100
LEIGH SYNDROME MITOCHONDRIAL MUTATION DETECTION,9000
MRI - ANKLE ( RIGHT / LEFT ),12000
CPK - MB,612
CIRCULATING IMMUNE COMPLEXES (CIC),4284
MRI - ORBIT WITH CONTRAST,9600
INSULIN RESISTANCE - HOMA-IR,1300
"BNP B-TYPE NATRIURETIC PEPTIDE, PLASMA",3924
"PHOSPHATIDYLSERINE ANTIBODY, IgG",1260
"HEPATITIS C VIRAL (HCV RNA), GENOTYPE",9792
"ALKAPTONURIA, URINE, QUALITATIVE",1098
"COOMBS TEST, INDIRECT",480
INSULIN-LIKE GROWTH FACTOR 1 - (IGF-1),5280
FACTOR V LEIDEN MUTATION ANALYSIS,7956
NEUTROPHIL TO LYMPHOCYTE RATIO,240
ANTIBODY TO SS-A/Ro,3360
ANTI THYROID ANTIBODIES PANEL,3240
BLOOD CULTURE AND SENSITIVITY - LEFT(Aerobic),1900
LEPTOSPIRA - IgG,1440
CULTURE AND SENSITIVITY - ASCITIC FLUID,500
ESTRIOL - BLOOD,1836
25-HYDROXY VITAMIN D,1500
"ASPERGILLUS ANTIBODIES PANEL IgG and IgM, SERUM",39480
BILIRUBIN TOTAL,200
BLEEDING TIME - BT,60
HE4 (HUMAN EPIDIDYMIS PROTEIN 4),2028
24 Hrs URINE OXALATE,3060
CHLAMYDIA TRACHOMATIS - IgM,2448
GRAMSTAIN - CSF,440
"JAK 2 EXON 12, MUTATION DETECTION",8568
MRI - ANKLE SINGLE JOINT WITHOUT CONTRAST,6000
CRYPTOCOCCUS ANTIGEN RAPID,4284
CORTISONE CORTISOL RATIO,3540
HEMOSIDERIN,1836
MRI - LUMBAR SPINE  WITH  WHOLE SPINE SCREENING,7200
"HERPES SIMPLEX VIRUS (HSV) TYPE 2, PCR, QUALITATIVE",3000
P-ANCA,2520
"CHLORIDE, FLUID",372
CATECHOLAMINES - BLOOD,5508
"JAK 2, GENE MUTATION, PCR QUALITATIVE",8568
FECAL UROBILINOGEN,340
HEPATITIS B SURFACE ANTIBODY (Anti-HBs),1440
ESTRADIOL - 3rd GENERATION,1800
CT - TRIPLE PHASE ABDOMEN,6000
"CHLAMYDIA ANTIGEN,RAPID",2448
MRI - DORSAL SPINE / THORACIC SPINE,6000
MRI - KNEE BOTH JOINT WITHOUT CONTRAST,12000
GLUCOMETER BLOOD GLUCOSE,60
ARTERIAL BLOOD GAS STUDIES-ABGS,1600
ENHANCED LIVER FIBROSIS (ELF) PANEL,24000
"KIDNEY STONE FORMATION, THERAPEUTIC MONITORING PANEL",1560
"C1 ESTERASE INHIBITOR, PROTEIN QUANTITATION,C1 INHIBITOR, QUANTITATIVE",4284
CPK ISOENZYME ELECTROPHORESIS,10320
"ANTI A TITRE, IgM",1320
"CHROMIUM, RANDOM URINE",4896
BIOPSY LARGE - 1,1800
ANTI NUCLEAR ANTIBODY (ANA SCREENING),1400
"GENEXPERT ULTRA (NEXT GENERATION) MTB WITH RIFAMPICIN RESISTANCE, SEMI QUANTITATIVE",2640
CT - ABDOMEN WITH PELVIS,7200
MRI - ABDOMEN,8400
MANTOUX TEST,200
ESTIMATED GLOMERULAR FILTRATION RATE - eGFR,420
"ECHINOCOCCUS (HYDATID SEROLOGY) IgG, SERUM",3060
DOPPLER STUDY - SINGLE UPPER LIMB ARTERIES,2200
COMPLEMENT  C3,1560
"ISLET CELL ANTIBODY, IN DILUTIONS",4896
ANTI MULLERIAN HORMONE - AMH,2100
"COOMBS TEST, DIRECT",480
GRAM STAIN - ASPIRATION FLUID,240
DENGUE  - RAPID,850
BILIRUBIN INDIRECT,120
ALDOSTERONE / PLASMA RENIN (DIRECT) RATIO,7200
BENCE JONES PROTEIN - BJP,360
"ASPERGILLUS ANTIBODY IgG, SERUM",3312
ALBUMIN - FLUID,240
ANTI HBe,1800
FECAL WEIGHT,420
HEPATITIS B,400
FASTING BLOOD SUGAR-FBS,50
"CULTURE, AEROBIC, EAR SWAB",500
URINE CULTURE (VITEK),2000
BIOFIRE PNEUMOINIA PLUS PANEL,7800
"LEAD, RANDOM URINE",4320
ADAMTS13 ACTIVITY,25920
"ANTI B TITRE, IgG",1320
AFB - PUS,240
HEPARIN-PF4 ANTIBODY,15480
EUGLOBULIN CLOT LYSIS TIME,600
APO B - APO A1 RATIO,1200
"ANTI NMO (NEUROMYELITIS OPTICA) PANEL, CSF",9480
BICARBONATE,612
DOPPLER STUDY - RENAL ARTERY,2200
5 FLUOROURACIL TOXICITY (DPD GENE MUTATION),9120
ADENOSINE DEAMINASE - ASCITIC FLUID,1200
ANTI PHOSPHOLIPID ANTIBODY - IgM,1476
COAGULATION FACTORS,1020
CULTURE AND SENSITIVITY - SYNOVIAL FLUID,500
"CYTOMEGALOVIRUS (CMV), DNA, QUANTITATIVE, PCR",11160
"AUTOIMMUNE ENCEPHALITIS PANEL, SERUM",26040
5 AMINO LEVULINIC ACID (5-ALA) RANDOM,4896
ANTI GLIADIN ANTIBODY - IgM,3672
HAEMOGLOBIN - HB%,100
"GM2 GANGLIOSIDOSIS, QUANTITATIVE/BLOOD/TAY SACHS AND SANDHOFF DISEASE",24600
PHOSPHOLIPIDS TOTAL,1200
ULTRASONOGRAM - SMALL PARTS,1500
TRYPTASE,2496
GLUCOSE - PLEURAL FLUID,1080
"MAGNESIUM, RANDOM",1836
MUMPS - IgM,3060
STEROID PANEL FOR POLYCYSTIC OVARY SYNDROME (PCOS),3838.8
FREE CORTISOL,960
"SUCCINYLACETONE, URINE",6900
OXYGEN SATURATION,150
PROINSULIN,1240.8
U1-SnRNP,3060
THROMBIN TIME,432
"HEPATITIS B SURFACE ANTIGEN HBsAg, QUANTITATIVE",1440
X-RAY - LUMBOSACRAL SPINE FLEXIN VIEW,350
X-RAY - LEFT HEEL,350
X-RAY - KNEE AP/LATERAL/SKILINE,900
VITAMIN D TOTAL (25-OH) - LCMS,1920
MYOGLOBIN  - SERUM,2520
MRI - BRACHIAL PLEXUS,6000
LACTOSE TOLERANCE TEST,1440
EPINEPHRINE - BLOOD,5508
MRI - SHOULDER WITH CONTRAST,9600
STREPTOCOCCUS GROUP B ANTIGEN DETECTION,1320
MRI - FORE ARM (RIGHT / LEFT),6000
QUINIDINE,2400
PLACENTAL GROWTH FACTOR (PlGF),3000
HEPATIC COPPER,2208
HERPES SIMPLEX VIRUS (HSV) 1 IgG,732
MAGNESIUM,500
PROTEIN CATABOLIC RATE,720
"ELECTROLYTES, SERUM",450
"GALACTOSEMIA SCREENING, BLOOD",16800
MRI - TM JOINT ( TEMPOROMANDIBULAR JOINT),9000
T AND B CELL FLOW CYTOMETRY CROSS MATCH (FCXM),4920
MEAN CORPUSCULAR HAEMOGLOBIN CONCENTRATION - MCHC,120
LDH - CSF,500
PROTEIN C,5508
MRI - DORSAL/DORSO LUMBAR SPINE WITH CONTRAST,9600
HERPES SIMPLEX VIRUS (HSV) 1 2 IgM,3000
MRI - RIGHT WRIST,6000
"LACTATE, ARTERIAL",1836
EPINEPHRINE - URINE,4284
MALARIAL  PARASITE - MP BY QBC,250
p-ANCA ANTI MYELOPEROXIDASE (MPO) ANTIBODIES,2820
MRI - BRAIN,5000
LDL / HDL RATIO,180
ULTRASONOGRAM - THYROID,1400
PROLACTIN,600
X-RAY - CHEST LAT VIEW,350
HERPES SIMPLEX VIRUS 1&2 - IgM,1440
"HCG BETA TOTAL QUANTITATIVE, RANDOM",1620
MICRO ALBUMIN CREATININE RATIO,744
HSV  I - IgG,3000
NOCARDIA STAIN,312
"HLA MIXED ANTIBODY SCREEN - PRA CLASS I, II AND MICA",14400
LEPTIN,7344
NEUTROPHIL GELATINASE ASSOCIATED LIPOCALIN - NGAL,2820
DIFFERENTIAL COUNT,150
LUPUS ANTICOAGULANT,3924
HCV RNA QUANTIFICATION,6720
IODINE,600
MRI - MR ANGIOGRAPHY,9600
"HEMOGLOBIN, FREE",312
"CULTURE, AEROBIC, MISCELLANEOUS WITH GRAM STAIN",1320
FERRITIN,1200
HCV GENOTYPING,9792
HB ELECTROPHORESIS,1400
IMMUNOHISTOCHEMISTRY - IHC,9792
"BIOPSY, EXTERA LARGE SPECIMEN",2400
D-DIMER,1800
FREE THYROXINE INDEX - FTI,840
"HEPATITIS E ANTIBODY (Anti-HEV), IGM",2040
GRAMSTAIN - SPUTUM,340
"CYTOMEGALOVIRUS (CMV) AVIDITY, IgG",1104
CT - PARA NASAL SINUSES WITHOUT CONTRAST,4800
CT - TEMPORAL BONE,4800
"CULTURE,AEROBIC,BRONCHOALVEOLAR LAVAGE(BAL)",1296
"HEPATITIS E ANTIBODY ( Anti-HEV), IgM",3060
FEBRILE AGGLUTININS PANEL,1560
ZINC,2960
CT - PULMONARY ANGIO WITH CONTRAST,10200
FECAL pH,240
CRYSTALS - SYNOVIAL FLUID,492
2D ECHOCARDIOGRAM,1600
CHOLINESTERASE,1224
ECHINOCOCCUS DETECTION FOR SCOLICES IN HYDATID CYST FLUID,780
X-RAY - SHOULDER AP VIEW,350
X-RAY - PELVIS LATERAL VIEW,350
MALARIAL  PARASITE - MP BY CARD,250
TOTAL CHOLESTEROL,190
X-RAY - DORSAL SPINE LAT,350
INHIBIN A,1400
THYROID STIMULATING IMMUNOGLOBULIN - TSI,4896
TRIPLE MARKER - SECOND TRIMESTER TEST,3672
CHIMERISM SPLIT CELL ANALYSIS - MYELOID CELL (CD15),13680
TROPONIN T LEVEL,1800
X-RAY - BOTH KNEE AP/LAT,900
STOOL ROUTINE,150
PROSTATIC ACID PHOSPHATASE,600
HOMA IR Insulin Resistance Index,1200
REVERSE T3 - rRT3,600
WIDAL - TUBE AGGLUTINATION,612
TISSUE TRANSGLUTAMINASE ANTIBODY IgA,4284
Anti Microsomal Antibody(Anti Thyroperoxidase antibody)AMA,2700
SODIUM RANDOM URINE,480
X-RAY - BOTH KNEE AP,500
"STRIATED / SKELETAL MUSCLE ANTIBODY, IFA IN DILUTIONS",4560
BETA CELL FUNCTION,1560
"PARVOVIRUS B19, QUALITATIVE PCR",3360
ARSENIC 24-HOUR URINE,3600
SSB/La ANTIBODY SERUM,2268
PARATHYROID HORMONE - PTH,2448
"ASCA (ANTI SACCHAROMYCES CEREVISIAE) ANTIBODY, IgG",3672
PARTIAL THROMBOPLASTIN TIME-LUPUS ANTICOAGULANT SPECIFIC (PTT-LA),3732
"PORPHOBILINOGEN (PBG), QUALITATIVE",4896
X-RAY - CHEST AP VIEW,350
"STEROID PANEL 2, 8 STEROIDS",6000
X-RAY - OPG,600
X-RAY - NECK AP LAT,500
PREGNANETRIOL,804
X-RAY - LEG AP VIEW,350
MRI - THIGH / FEMUR (RIGHT / LEFT ),12000
AMYLASE - SERUM,500
ANTI CARDIOLIPIN ANTIBODY - IgM,1500
ULTRASOUND - KUB,1400
TESTOSTERONE,950
HEPATITIS B IMMUNITY SCREEN,3000
ONCOPRO EGFR ARMS PCR,9120
"OLIGOCLONAL BANDS IgG, CSF",6120
MRI - PNS,6600
PLATELET DISTRIBUTION WIDTH - SD,150
SICKLE CELL ANEMIA MUTATION DETECTION,300
ADENOSINE DEAMINASE - CSF (ADA),1158
TB - IgA,756
X-RAY - FOOT AP / LAT VIEW,500
RED CELL DISTRIBUTION WITH CV,320
X-RAY - ABDOMEN,350
TISSUE TRANSGLUTAMINASE ANTIBODY IgG,4284
RED CELL MASS - RCM,990
MRI - LEFT KNEE,6000
URINE PROTEIN - SPOT,180
MRI - LUMBAR SPINE WITH KNEE SCREENING,10200
"STEROID PANEL L 2,9 STEROIDS",6000
MRI - LEFT SHOULDER WIHTOUT CONTRAST,6000
"NMDA RECEPTOR / ANTI-GLUTAMATE ANTIBODY, CSF",9120
SMEAR FOR GONOCOCCI,600
AMINO ACIDS - URINE,4896
DENGUE - IgG - RAPID,800
PHOSPHOROUS,380
PROCALCITONIN,1700
"ROTAVIRUS ANTIGEN, STOOL",3000
UREA - URINE,480
METANEPHRINE - URINE,3960
"NRAS MUTATION, CODON 12, 13 , 6",8040
MRI - EXTREMITIES WITH CONTRAST,9600
MRI - ELBOW (RIGHT / LEFT),9600
"SELENIUM, RANDOM URINE",6120
PROTEIN - BODY FLUID,460
CULTURE AND SENSITIVITY - CSF,500
MUMPS - IgG,3060
MRI - RIGHT HIP JOINT,6000
CD4 T-LYMPHOCYTE COUNT,1546.8
PULMONARY FUNCTION TEST - PFT,1000
URIC ACID,180
SGPT - ALT,150
PROSTATE SPECIFIC ANTIGEN - PSA,1080
MRI - BOTH LEG,10800
MRI - ANGIOGRAPHY,9690
BILIRUBIN DIRECT,150
MRI - BOTH SHOULDER,8400
"HEPATITIS B CORE ANTIBODY (Anti-HBc), IgM",1440
ULTRASOUND - GUIDED FNAC,2400
"METANEPHRINES, 24-HOUR URINE",5400
CYFRA 21-1 LUNG CANCER MARKER,6120
APOLIPOPROTEIN - A1,600
GROWTH HORMONE,1080
SERUM FOLATE,1440
GLUCOSE-6 PHOSPHATE DEHYDROGENASE,1020
ULTRASONOUND - OBSTETRICS / ANTENATAL,1600
X-RAY - CHEST PA VIEW,350
UROBILONOGEN,280
THROMBOTIC RISK SCREEN,360
SEMEN ANALYSIS,300
CULTURE AND SENSITIVITY- VAGINAL SWAB,500
SODIUM OSMOLALITY RATIO,960
TYPHIDOT IgG  IgM,1440
"NICKEL, 24-HOUR URINE",6120
IMMATURE PLATELET FRACTION,864
MRI - KNEE SINGLE JOINT WITHOUT CONTRAST,6000
ULTRASONOGRAM - NECK,1400
SLE (SYSTEMIC LUPUS ERYTHEMATOSUS) PANEL,620
X-RAY - C SPINE LAT VIEW,350
SPECIFIC GRAVITY,180
MRI - WHOLE SPINE,6000
PREALBUMIN - SERUM,4920
MRI - SHOULDER WITHOUT CONTRAST,9600
"VITAMIN D3 1,25-DIHYDROXYVITAMIN",3500
PLATELET FUNCTION ANALYSIS (PFA-100),180
SARS-COV-2 (COVID-19) NEUTRALIZING ANTIBODY,1440
MRI - BRAIN WITH PNS SCREENING,9000
THYROID STIMULATING HORMONE - TSH,250
Truenat COVID-19 RNA Semi Quantitative real time PCR,1200
ULTRASONOUND - BREAST,1600
QUANTIFERON - TB GOLD,3480
"PHOSPHOLIPID ANTIBODIES PANEL, IgG ANDIgM",1200
MRI - STERNOCLAVICULAR JOINT / STERNUM,6000
FOLIC ACID,1200
X-RAY - RIGHT HEEL,350
GRAM STAIN - URINE,372
NON HDL CHOLESTEROL,180
PIIINP (PROCOLLAGEN TYPE III AMINO TERMINAL PROPEPTIDE,5160
SMEAR FOR MF,250
MRI - ABDOMEN WITH PELVIS,16800
"VANCOMYCIN RESISTANT ENTEROCOCCI (VRE) , SCREENING",8568
MRI - BRAIN WITH ORBIT,7200
ALBUMIN - URINE,180
X-RAY - DORSAL SPINE AP / LAT,500
PROTEIN - CREATININE RATIO,480
DOPAMINE - URINE,4284
X-RAY - LS SPINE AP/lAT VIEW,500
TOTAL RBC COUNT,120
MRI -  BRAIN WITH EPILEPSY PROTOCOL,9600
HERPES SIMPLEX VIRUS (HSV) 2 IgG,5508
MRI - LEFT FOOT,6000
TMT,1600
PYRUVIC ACID,4284
ULTRASOUND - ABDOMEN WITH PELVIS,1400
WIDAL - SLIDE AGGLUTINATION,200
X-RAY - ELBOW LATERAL VIEW,350
VISCOSITY,6600
LIPASE - BODY FLUID,960
GLUCOSE-KETONE INDEX - GKI,14340
X-RAY - CERVICAL SPINE AP / LAT,500
MRI - HIP WITHOUT CONTRAST,9600
MRI - FINGER / TOES / EXTRIMITIES,6000
PHOSPHOLIPASE A2 RECEPTOR ANTIBODY (PLA2R) QUALITATIVE,6120
PACKED CELL VOLUME - PCV,150
WIEL FELIX TEST,1440
URINE CALCIUM - SPOT,180
GAMMA GT,250
IRON,492
VITAMIN E,5508
"NEUROBLASTOMA PROFILE, 24 HOUR URINE",7200
PHENYTOIN - EPTOIN,1600
GANGLIOSIDE ANTIBODY PROFILE IgG SERUM,580
URINE FOR EOSINOPHILS,414
"HELICOBACTER PYLORI, ANTIBODIES PANEL, IgG and IgA",4896
X-RAY - WRIST AP,350
MTB PCR,3672
"UROBILINOGEN, QUALITATIVE, 24-HOUR URINE",440
"SEROTONIN, 24 HOUR URINE",7368
"HEPATITIS A ANTIBODY (ANTI HAV),IgM",1800
FIBRINOGEN DEGRADATION PRODUCT - FDP,1836
X-RAY - KUB,350
URINE ACETONE,120
IRON SATURATION INDEX,1320
HAEMOGLOBIN A1C,500
TYPHI DOT/ SALMONELLA TYPHI IgM,960
PAP SMEAR,1200
SALMONELLA TYPHI AND PARATYPHI A ANTIGEN DETECTION,960
"PARTIAL THROMBOPLASTIN TIME, ACTIVATED,PTT,APTT",500
"METANEPHRINES, FRACTIONATED - URINE",7440
RENIN ACTIVITY,6360
SGOT - AST,150
X-RAY - SHOULDER LAT VIEW,350
TOXIC ELEMENTS,2400
OSTEOPOROSIS PANEL,3598.8
"PROTEIN S FUNCTIONAL,ACTIVITY",4440
RED CELL DISTRIBUTION WITH SD,372
"HHH SYNDROME HYPERORNITHINEMIA - HYPERAMMONEMIA - HOMOCITRULLINURIA SYNDROME (LC-MS/MS, GC-MS",9120
VITAMIN B12,1000
"NICOTINE SCREEN, URINE",3060
"HOMOCYSTEINE, QUANTITATIVE",1140
OSMOTIC FRAGILITY OF ERYTHROCYTES,600
NATURAL KILLER CELLS,5040
VON WILLEBRAND DISEASE PANEL,12960
VITAMIN SCREEN,1800
SJOGRENS SYNDROME ANTIBODIES,24600
SARS-COV-2 (COVID-19) IGG ANTIBODY,1920
PRE-ECLAMPSIA SCREENING PANEL,3360
"STEROID PANEL 3,15 STEROIDS",5160
MRI - SHOULDER WITH CERVICAL SPINE SCREENING,7200
SEX HORMONE BINDING GLOBULIN - SHBG,3060
"UREA, FLUID",250
OSTEOCALCIN,3480
RUBELLA - IgG,1500
STEROID PANEL FOR PCOS / CAH DIFFERENTIATION,3838.8
UREA,120
SUGAR - BODY FLUID,180
"OSMOLAL GAP, SERUM",984
PROTEINS CSF TOTAL,600
X-RAY - CEPHELOGRAM,1350
"TESTOSTERONE TOTAL,",1104
"RHEUMATOID FACTOR (RA), SERUM",550
PROTEIN S,3600
URINE COTININE,500
TOTAL ACID PHOSPHATASE,600
SEPSIS PANEL,4440
X-RAY - ANKLE OBLIQUE,350
"SEROTONIN (5-HT), SERUM",7344
VITAMIN B1  (THIAMINE PYROPHOSPHATE),4284
X-RAY - PELVIS WITH BOTH HIPS AP VIEW,350
PROTEIN C ANTIGEN,4800
X-RAY - LUMBOSACRAL SPINE AP/LAT VIEW,500
URINE SUGAR - PP,60
TACROLIMUS,4318.8
TB - IgM,540
"SICKLING, SCREENING TEST",250
TOTAL WBC COUNT - TC,120
"ZINC, 24-HOUR URINE",3084
LIPASE - SERUM,600
URINE PROTEIN CREATININE RATIO,400
TRIGLYCERIDES,250
UROPORPHYRIN,298.8
SMEAR FOR MP,250
TOXOPLASMA - IgG,1104
"STOOL EXAMINATION, pH REDUCING SUBSTANCES",300
X-RAY - TM JOINT LAT VIEW(OPEN,350
"STOOL EXAMINATION, OCCULT BLOOD",200
WESTERN BLOT FOR HIV-I & II,4440
VDRL,200
ULTRASOUND - CHEST,1400
URINE CREATININE -  SPOT,300
ULTRASOUND - ABDOMEN (MALE),1400
X-RAY - BOTH HIP AP,500
X-RAY - HAND AP OBLIQUE,500
X-RAY - FOOT AP OBLIQUE VIEW,500
TGL / HDL RATIO,180
URINE SUGAR,70
MEDICAL EXAMINATION REPORT,120
ANTI NUCLEAR ANTIBODY PROFILE (ANA PROFILE),4200
AFB STAIN CSF,500
FUNGAL STAIN CSF,500
ET SECTION GRAM STAIN,500
X-RAY FOREARM AP/LAT,500
bilirubin urine,150
X-RAY THIGH / FEMUR AP/LAT,500
X RAY ANKEL AP LAT,500
X RAY SHOULDER AP LAT,500
BOTH UPPER LIMBS ARTERIAL DOPPLER,4000
BOTH UPPER LIMBS VENOUS DOPPLER,4000
BOTH UPPER AND LOWER LIMBS ARTERIAL AND VENOUS DOPPLER,16000
Helicobacter Pylori Antigen - Qualitative,1900
RA FACTOR immunoturbidimetry,600
URINE KETONE BODIES,150
achr acetylcholine receptor antibodies,5000
anti musk antibody myasthenia gravis,8000
Ascitic Fluid Analysis,1800
cortisol  (7 to 9 AM),800
LEG AP/LAT VIEW,500
RECEPTOR ANTIBODIES(THYROID STIMULATING HORMONES),3500
UGT1 A1 GENE,12000
x ray with report,100
SURGERY TABLE CULTURE AND SENSITIVITY,500
SHADOWLESS LIGHT CULTUER AND SENSITIVITY,500
ANAESTHESIA MACHINE CULTURE AND SENSITIVITY,500
CARM MACHINE CULTURE AND SENSITIVITY,500
CAUTERY CULTURE AND SENSITIVITY,500
WALL SWAB CULTURE AND SENSITIVITY,500
FLOOR SWAB CULTURE AND SENSITIVITY,500
AFB culture MGIT (Mycobacteria Growth Indicator Tube),2530
KNEE AP/LAT VIEW,500
,
,
,
Profile Name,OP Price
NMO MOG ANTIBODY,8400
AG RATIO,276
RUBELLA IgG and IgM,1440
QUADRAPLE MARKER,3180
TRIPLE MARKER,2100
DOUBLE MARKER,2000
HORMONE PROFILE PADMASRI IVF,3192
LFT,500
DIABETIC SCREEN,1680
COMPLETE BLOOD COUNT (3P)  WITH ESR,450
IRON PROFILE,1200
DENGUE PROFILE WITH NS1,600
MINERAL SCREEN,900
CARDIAC RISK MARKERS,3660
ELECTROLYTES WITH CALCIUM,600
LIPID PROFILE,500
PRE DIABETIC SCREEN,900
PSA PROFILE,1920
COMPLETE BLOOD COUNT - 3P,350
FREE THYROID FUNCTION TEST,900
ANAEMIA PROFILE - MINI,2400
CANCER PROFILE - FEMALE,3000
OBESITY PANEL,5424
CANCER PROFILE - MALE,3000
THYROID TOTAL,1500
BILIRUBIN,180
TORCH IgM,1200
RENAL FUNCTION WITH ELECTROLYTES,780
TORCH PANEL,2400
THYROID FUNCTION TEST,500
TOTAL LFT,650
HAEMOGRAM (CBC with Smear Study),500
ELECTROLYTES,450
PANCREAS PROFILE,600
RENAL FUNCTION TEST 1,900
COMPLETE BLOOD PICTURE,450
BIOCHEMICAL ANALYSIS CSF,450
